Mode,would u share ur car or not
BTS/MRT,ไม่ใช่
BTS/MRT,ไม่ใช่
BTS/MRT,ไม่ใช่
รถเมล์,ใช่
รถยนต์ส่วนตัว,ใช่
Grabbike,ไม่ใช่
BTS/MRT,ไม่ใช่
เดิน,ไม่ใช่
BTS/MRT,ไม่ใช่
BTS/MRT,ไม่ใช่
รถยนต์ส่วนตัว,ไม่ใช่
BTS/MRT,ไม่ใช่
BTS/MRT,ไม่ใช่
รถยนต์ส่วนตัว,ไม่ใช่
BTS/MRT,ไม่ใช่
วินมอเตอร์ไซค์,ใช่
รถยนต์ส่วนตัว,ไม่ใช่
BTS/MRT,ไม่ใช่
รถยนต์ส่วนตัว,ไม่ใช่
รถยนต์ส่วนตัว,ไม่ใช่
รถยนต์ส่วนตัว,ไม่ใช่
BTS/MRT,ไม่ใช่
เดิน,ไม่ใช่
รถเมล์,ไม่ใช่
Grabbike,ไม่ใช่
รถเมล์,ไม่ใช่
รถยนต์ส่วนตัว,ไม่ใช่
รถยนต์ส่วนตัว,ไม่ใช่
Grabbike,ใช่
รถยนต์ส่วนตัว,ไม่ใช่
Taxi,ไม่ใช่
BTS/MRT,ไม่ใช่
BTS/MRT,ไม่ใช่
รถจักรยานยนต์ส่วนตัว,ไม่ใช่
รถยนต์ส่วนตัว,ไม่ใช่
รถยนต์ส่วนตัว,ใช่
เดิน,ไม่ใช่
เดิน,ใช่
BTS/MRT,ไม่ใช่
Taxi,ไม่ใช่
วินมอเตอร์ไซค์,ไม่ใช่
BTS/MRT,ไม่ใช่
รถเมล์,ไม่ใช่
Grab Taxi,ไม่ใช่
Taxi,ไม่ใช่
รถยนต์ส่วนตัว,ไม่ใช่
รถเมล์,ไม่ใช่
รถยนต์ส่วนตัว,ไม่ใช่
รถยนต์ส่วนตัว,ไม่ใช่
รถยนต์ส่วนตัว,ไม่ใช่
BTS/MRT,ไม่ใช่
รถจักรยานยนต์ส่วนตัว,ไม่ใช่
BTS/MRT,ไม่ใช่
BTS/MRT,ไม่ใช่
BTS/MRT,ไม่ใช่
รถยนต์ส่วนตัว,ไม่ใช่
รถยนต์ส่วนตัว,ไม่ใช่
BTS/MRT,ไม่ใช่
BTS/MRT,ไม่ใช่
วินมอเตอร์ไซค์,ไม่ใช่
Grabbike,ไม่ใช่
รถยนต์ส่วนตัว,ไม่ใช่
รถยนต์ส่วนตัว,ไม่ใช่
รถยนต์ส่วนตัว,ไม่ใช่
BTS/MRT,ไม่ใช่
,
รถยนต์ส่วนตัว,ไม่ใช่
BTS/MRT,ไม่ใช่
BTS/MRT,ไม่ใช่
BTS/MRT,ใช่
รถเมล์,ไม่ใช่
รถเมล์,ใช่
Taxi,ใช่
รถยนต์ส่วนตัว,ไม่ใช่
วินมอเตอร์ไซค์,ไม่ใช่
เดิน,ไม่ใช่
BTS/MRT,ไม่ใช่
รถยนต์ส่วนตัว,ไม่ใช่
BTS/MRT,ไม่ใช่
เดิน,ไม่ใช่
BTS/MRT,ไม่ใช่
รถยนต์ส่วนตัว,ไม่ใช่
BTS/MRT,ไม่ใช่
รถจักรยานยนต์ส่วนตัว,ไม่ใช่
BTS/MRT,ไม่ใช่
BTS/MRT,ไม่ใช่
รถยนต์ส่วนตัว,ใช่
Grabbike,ไม่ใช่
รถยนต์ส่วนตัว,ไม่ใช่
เดิน,ไม่ใช่
Grabbike,ไม่ใช่
Grabbike,ไม่ใช่
BTS/MRT,ไม่ใช่
รถยนต์ส่วนตัว,ใช่
วินมอเตอร์ไซค์,ไม่ใช่
Grab Taxi,ใช่
BTS/MRT,ใช่
รถยนต์ส่วนตัว,ไม่ใช่
Grab Taxi,ไม่ใช่
BTS/MRT,ไม่ใช่
รถยนต์ส่วนตัว,ใช่
BTS/MRT,ไม่ใช่
BTS/MRT,ไม่ใช่
Grabbike,ไม่ใช่
BTS/MRT,ไม่ใช่
BTS/MRT,ไม่ใช่
รถยนต์ส่วนตัว,ไม่ใช่
วินมอเตอร์ไซค์,ไม่ใช่
วินมอเตอร์ไซค์,ไม่ใช่
รถยนต์ส่วนตัว,ไม่ใช่
รถยนต์ส่วนตัว,ไม่ใช่
รถเมล์,ใช่
รถยนต์ส่วนตัว,ไม่ใช่
รถยนต์ส่วนตัว,ไม่ใช่
BTS/MRT,ไม่ใช่
รถยนต์ส่วนตัว,ไม่ใช่
รถตู้,ไม่ใช่
Taxi,ไม่ใช่
รถยนต์ส่วนตัว,ไม่ใช่
วินมอเตอร์ไซค์,ไม่ใช่
Taxi,ไม่ใช่
รถยนต์ส่วนตัว,ใช่
รถยนต์ส่วนตัว,ไม่ใช่
รถยนต์ส่วนตัว,ไม่ใช่
รถยนต์ส่วนตัว,ไม่ใช่
เดิน,ไม่ใช่
รถเมล์,ใช่
BTS/MRT,ใช่
รถยนต์ส่วนตัว,ไม่ใช่
รถตู้,ไม่ใช่
รถยนต์ส่วนตัว,ไม่ใช่
รถยนต์ส่วนตัว,ไม่ใช่
รถจักรยานยนต์ส่วนตัว,ใช่
รถจักรยานยนต์ส่วนตัว,ไม่ใช่
รถเมล์,ไม่ใช่
รถยนต์ส่วนตัว,ไม่ใช่
Grabbike,ใช่
BTS/MRT,ไม่ใช่
รถยนต์ส่วนตัว,ไม่ใช่
BTS/MRT,ใช่
BTS/MRT,ไม่ใช่
เดิน,ไม่ใช่
BTS/MRT,ไม่ใช่
BTS/MRT,ไม่ใช่
รถยนต์ส่วนตัว,ไม่ใช่
รถเมล์,ไม่ใช่
รถเมล์,ไม่ใช่
BTS/MRT,ไม่ใช่
รถตู้,ใช่
รถเมล์,ไม่ใช่
รถยนต์ส่วนตัว,ไม่ใช่
เดิน,ไม่ใช่
BTS/MRT,ไม่ใช่
รถยนต์ส่วนตัว,ไม่ใช่
BTS/MRT,ไม่ใช่
วินมอเตอร์ไซค์,ใช่
Grabbike,ไม่ใช่
Grab Taxi,ไม่ใช่
BTS/MRT,ไม่ใช่
BTS/MRT,ไม่ใช่
รถยนต์ส่วนตัว,ไม่ใช่
BTS/MRT,ใช่
รถยนต์ส่วนตัว,ไม่ใช่
เดิน,ไม่ใช่
BTS/MRT,ใช่
BTS/MRT,ไม่ใช่
รถยนต์ส่วนตัว,ใช่
รถยนต์ส่วนตัว,ไม่ใช่
รถเมล์,ไม่ใช่
รถเมล์,ไม่ใช่
Grabbike,ใช่
รถยนต์ส่วนตัว,ไม่ใช่
รถยนต์ส่วนตัว,ใช่
เดิน,ไม่ใช่
วินมอเตอร์ไซค์,ไม่ใช่
Grab Taxi,ใช่
รถยนต์ส่วนตัว,ไม่ใช่
BTS/MRT,ไม่ใช่
รถยนต์ส่วนตัว,ไม่ใช่
รถยนต์ส่วนตัว,ไม่ใช่
วินมอเตอร์ไซค์,ไม่ใช่
BTS/MRT,ไม่ใช่
รถยนต์ส่วนตัว,ไม่ใช่
BTS/MRT,ไม่ใช่
BTS/MRT,ไม่ใช่
Grabbike,ไม่ใช่
รถจักรยานยนต์ส่วนตัว,ไม่ใช่
รถยนต์ส่วนตัว,ไม่ใช่
รถเมล์,ไม่ใช่
วินมอเตอร์ไซค์,ไม่ใช่
Grabbike,ไม่ใช่
BTS/MRT,ไม่ใช่
BTS/MRT,ไม่ใช่
Grabbike,ไม่ใช่
BTS/MRT,ไม่ใช่
Grab Taxi,ไม่ใช่
วินมอเตอร์ไซค์,ไม่ใช่
BTS/MRT,ไม่ใช่
วินมอเตอร์ไซค์,ไม่ใช่
Grabbike,ไม่ใช่
BTS/MRT,ไม่ใช่
BTS/MRT,ใช่
วินมอเตอร์ไซค์,ไม่ใช่
BTS/MRT,ไม่ใช่
BTS/MRT,ไม่ใช่
เดิน,ไม่ใช่
Grabbike,ไม่ใช่
รถยนต์ส่วนตัว,ไม่ใช่
Grabbike,ไม่ใช่
BTS/MRT,ใช่
รถยนต์ส่วนตัว,ไม่ใช่
รถยนต์ส่วนตัว,ไม่ใช่
BTS/MRT,ไม่ใช่
รถยนต์ส่วนตัว,ไม่ใช่
เดิน,ไม่ใช่
BTS/MRT,ไม่ใช่
BTS/MRT,ไม่ใช่
BTS/MRT,ไม่ใช่
BTS/MRT,ไม่ใช่
Grab Taxi,ไม่ใช่
รถเมล์,ไม่ใช่
รถเมล์,ไม่ใช่
เดิน,ใช่
เดิน,ไม่ใช่
รถยนต์ส่วนตัว,ไม่ใช่
รถจักรยานยนต์ส่วนตัว,ไม่ใช่
รถเมล์,ใช่
รถเมล์,ไม่ใช่
รถยนต์ส่วนตัว,ไม่ใช่
รถยนต์ส่วนตัว,ไม่ใช่
รถตู้,ใช่
รถยนต์ส่วนตัว,ไม่ใช่
Grab Taxi,ไม่ใช่
รถเมล์,ใช่
รถเมล์,ใช่
BTS/MRT,ไม่ใช่
รถตู้,ไม่ใช่
วินมอเตอร์ไซค์,ไม่ใช่
BTS/MRT,ใช่
รถยนต์ส่วนตัว,ใช่
รถยนต์ส่วนตัว,ไม่ใช่
รถเมล์,ไม่ใช่
BTS/MRT,ไม่ใช่
BTS/MRT,ไม่ใช่
รถยนต์ส่วนตัว,ไม่ใช่
เดิน,ใช่
Taxi,ไม่ใช่
BTS/MRT,ไม่ใช่
รถยนต์ส่วนตัว,ไม่ใช่
วินมอเตอร์ไซค์,ไม่ใช่
รถเมล์,ไม่ใช่
BTS/MRT,ไม่ใช่
รถยนต์ส่วนตัว,ไม่ใช่
รถยนต์ส่วนตัว,ไม่ใช่
รถยนต์ส่วนตัว,ไม่ใช่
BTS/MRT,ไม่ใช่
รถยนต์ส่วนตัว,ไม่ใช่
BTS/MRT,ไม่ใช่
BTS/MRT,ไม่ใช่
รถยนต์ส่วนตัว,ไม่ใช่
รถยนต์ส่วนตัว,ไม่ใช่
รถยนต์ส่วนตัว,ใช่
BTS/MRT,ไม่ใช่
วินมอเตอร์ไซค์,ไม่ใช่
รถยนต์ส่วนตัว,ใช่
รถจักรยานยนต์ส่วนตัว,ใช่
รถยนต์ส่วนตัว,ไม่ใช่
รถเมล์,ไม่ใช่
รถเมล์,ไม่ใช่
รถยนต์ส่วนตัว,ไม่ใช่
BTS/MRT,ใช่
รถยนต์ส่วนตัว,ไม่ใช่
เดิน,ไม่ใช่
BTS/MRT,ไม่ใช่
รถยนต์ส่วนตัว,ไม่ใช่
เดิน,ไม่ใช่
รถเมล์,ไม่ใช่
เดิน,ไม่ใช่
BTS/MRT,ไม่ใช่
รถยนต์ส่วนตัว,ไม่ใช่
Grab Taxi,ไม่ใช่
BTS/MRT,ไม่ใช่
รถยนต์ส่วนตัว,ไม่ใช่
รถเมล์,ไม่ใช่
รถยนต์ส่วนตัว,ไม่ใช่
รถเมล์,ไม่ใช่
วินมอเตอร์ไซค์,ไม่ใช่
รถยนต์ส่วนตัว,ไม่ใช่
เดิน,ไม่ใช่
BTS/MRT,ไม่ใช่
รถยนต์ส่วนตัว,ใช่
Taxi,ไม่ใช่
รถตู้,ใช่
รถยนต์ส่วนตัว,ไม่ใช่
BTS/MRT,ไม่ใช่
BTS/MRT,ไม่ใช่
รถยนต์ส่วนตัว,ไม่ใช่
เดิน,ไม่ใช่
เดิน,ไม่ใช่
BTS/MRT,ไม่ใช่
BTS/MRT,ใช่
รถเมล์,ไม่ใช่
รถยนต์ส่วนตัว,ใช่
รถยนต์ส่วนตัว,ไม่ใช่
รถจักรยานยนต์ส่วนตัว,ใช่
BTS/MRT,ไม่ใช่
Grabbike,ไม่ใช่
รถเมล์,ไม่ใช่
BTS/MRT,ไม่ใช่
BTS/MRT,ไม่ใช่
Grab Taxi,ไม่ใช่
รถยนต์ส่วนตัว,ไม่ใช่
Grabbike,ใช่
รถเมล์,ไม่ใช่
รถยนต์ส่วนตัว,ไม่ใช่
รถยนต์ส่วนตัว,ไม่ใช่
BTS/MRT,ใช่
Taxi,ไม่ใช่
รถตู้,ไม่ใช่
BTS/MRT,ไม่ใช่
วินมอเตอร์ไซค์,ไม่ใช่
รถเมล์,ไม่ใช่
BTS/MRT,ไม่ใช่
วินมอเตอร์ไซค์,ไม่ใช่
BTS/MRT,ไม่ใช่
รถเมล์,ใช่
เดิน,ไม่ใช่
BTS/MRT,ไม่ใช่
BTS/MRT,ไม่ใช่
เดิน,ใช่
เดิน,ไม่ใช่
วินมอเตอร์ไซค์,ไม่ใช่
BTS/MRT,ไม่ใช่
วินมอเตอร์ไซค์,ไม่ใช่
รถยนต์ส่วนตัว,ไม่ใช่
BTS/MRT,ไม่ใช่
เดิน,ไม่ใช่
BTS/MRT,ไม่ใช่
BTS/MRT,ไม่ใช่
Grabbike,ไม่ใช่
BTS/MRT,ไม่ใช่
Grabbike,ไม่ใช่
รถเมล์,ไม่ใช่
วินมอเตอร์ไซค์,ไม่ใช่
เดิน,ไม่ใช่
BTS/MRT,ไม่ใช่
Grabbike,ไม่ใช่
รถเมล์,ไม่ใช่
BTS/MRT,ไม่ใช่
BTS/MRT,ไม่ใช่
รถยนต์ส่วนตัว,ไม่ใช่
เดิน,ไม่ใช่
รถเมล์,ไม่ใช่
เดิน,ไม่ใช่
Grabbike,ไม่ใช่
เดิน,ไม่ใช่
รถตู้,ไม่ใช่
BTS/MRT,ใช่
รถยนต์ส่วนตัว,ไม่ใช่
เดิน,ไม่ใช่
เดิน,ไม่ใช่
รถยนต์ส่วนตัว,ใช่
รถยนต์ส่วนตัว,ใช่
รถเมล์,ไม่ใช่
BTS/MRT,ไม่ใช่
BTS/MRT,ไม่ใช่
รถจักรยานยนต์ส่วนตัว,ไม่ใช่
รถจักรยานยนต์ส่วนตัว,ไม่ใช่
รถเมล์,ไม่ใช่
รถยนต์ส่วนตัว,ไม่ใช่
รถจักรยานยนต์ส่วนตัว,ไม่ใช่
BTS/MRT,ไม่ใช่
เดิน,ไม่ใช่
รถยนต์ส่วนตัว,ไม่ใช่
BTS/MRT,ไม่ใช่
วินมอเตอร์ไซค์,ไม่ใช่
รถยนต์ส่วนตัว,ไม่ใช่
BTS/MRT,ไม่ใช่
รถเมล์,ไม่ใช่
รถยนต์ส่วนตัว,ไม่ใช่
Grabbike,ใช่
BTS/MRT,ไม่ใช่
BTS/MRT,ไม่ใช่
รถยนต์ส่วนตัว,ไม่ใช่
เดิน,ไม่ใช่
รถตู้,ใช่
BTS/MRT,ไม่ใช่
เดิน,ใช่
เดิน,ไม่ใช่
Grabbike,ใช่
รถยนต์ส่วนตัว,ไม่ใช่
BTS/MRT,ไม่ใช่
รถเมล์,ไม่ใช่
รถยนต์ส่วนตัว,ไม่ใช่
BTS/MRT,ใช่
รถยนต์ส่วนตัว,ไม่ใช่
รถยนต์ส่วนตัว,ไม่ใช่
Grabbike,ไม่ใช่
รถยนต์ส่วนตัว,ไม่ใช่
เดิน,ไม่ใช่
BTS/MRT,ไม่ใช่
เดิน,ไม่ใช่
วินมอเตอร์ไซค์,ไม่ใช่
วินมอเตอร์ไซค์,ไม่ใช่
